{"train/loss": 2.3798, "train/learning_rate": 9.987878787878788e-06, "train/epoch": 0.3, "train/global_step": 10, "_timestamp": 1714578261.1717625, "_runtime": 252.18599653244019, "_step": 0, "_wandb": {"runtime": 487}}