{"train/loss": 2.2286, "train/learning_rate": 9.975757575757577e-06, "train/epoch": 0.61, "train/global_step": 20, "_timestamp": 1714578852.7454326, "_runtime": 125.76778268814087, "_step": 1}