{"train/loss": 0.0696, "train/learning_rate": 0.0, "train/epoch": 250.0, "train/global_step": 8250, "_timestamp": 1714625476.8384256, "_runtime": 46749.86077570915, "_step": 866, "eval/loss": 0.5754881501197815, "eval/mean_iou": 0.3865724905520741, "eval/mean_accuracy": 0.4646533660244969, "eval/overall_accuracy": 0.6583477144029907, "eval/accuracy_unlabeled": NaN, "eval/accuracy_LV": 0.7715186660634084, "eval/accuracy_RV": 0.5403622926765562, "eval/accuracy_RA": 0.6813852870666877, "eval/accuracy_LA": 0.7276291375983376, "eval/accuracy_ASD": 0.10463593504452592, "eval/accuracy_VSD": NaN, "eval/accuracy_TK": 0.05225801419546057, "eval/accuracy_VS": NaN, "eval/accuracy_MK": 0.31706682137331904, "eval/accuracy_AS": 0.45894567175500145, "eval/accuracy_AK": 0.5280784684471757, "eval/iou_unlabeled": 0.0, "eval/iou_LV": 0.7299624260822241, "eval/iou_RV": 0.4879316863036172, "eval/iou_RA": 0.6538950788839537, "eval/iou_LA": 0.666542591704994, "eval/iou_ASD": 0.08216783216783216, "eval/iou_VSD": NaN, "eval/iou_TK": 0.04912113491816199, "eval/iou_VS": NaN, "eval/iou_MK": 0.29449272558962103, "eval/iou_AS": 0.41085309699460315, "eval/iou_AK": 0.49075833287573445, "eval/runtime": 9.9592, "eval/samples_per_second": 6.727, "eval/steps_per_second": 0.904, "train/train_runtime": 46741.7778, "train/train_samples_per_second": 1.412, "train/train_steps_per_second": 0.177, "train/total_flos": 1.4709227545165824e+19, "train/train_loss": 0.14891347015265263, "_wandb": {"runtime": 46746}}